sha256	path
63fcc90a1428f04333e9ed5151e9ff1f0ffd7eac944d48e271d24e323f1fefa5	scripts/production-env-readiness.mjs
c07f98e18918547b14c49f9c25d65408d8e4c83d838d7ec3d618c41db3855518	scripts/production-env-readiness.test.mjs
9a9d466ea43e52d07232ee21dca3fa41db4883032f5749cb4e7df5ae77db7182	scripts/verify-starter-live-renewals.mjs
1611f6b2940530b4eb15c1802de121d701e84c9208e8d3d5b757e8a84c36f991	scripts/verify-starter-live-renewals.sql
456a98365a19c9cfae63ec9ecdd4b035eb09253b9593307ca638118991002606	scripts/verify-starter-renewal-concurrency.mjs
434e915e38b207dfe17155fc28b2adfbb58ff871ca088332e2db689da2beeb97	src/app/api/subscriptions/live-quotes/route.test.ts
5d80418f36275bcb94e1b515cea228cdca0e1637aa24cd6d8ad3ce8c4637c5f2	src/app/api/subscriptions/live-quotes/route.ts
830417b8af8a78ad9f6b7f7a075e179d7f37e7c898bbcca3a2a5b76296bc34d6	src/components/platform-access/product-access-gate.test.tsx
bc80052a5c3d9c5af7af99f11cf3beb9d0174501a5193666cf4365979290d2c2	src/components/platform-access/product-access-gate.tsx
c86a9ab59715b2a01d2b277fc4a9ba64b2a9bab5ed4ea800da9caa6c0f28f5d5	src/components/platform-access/subscription-customer-billing.test.tsx
7ea8be7c7c37b1581322f92a7dc49453f19d886960852ff66a2ac6478c35c6bf	src/components/platform-access/subscription-customer-review.test.tsx
06d87ddc700a0a6c3f69fd4c408e17ed3c4120806e9671a9733a47a9ebe3764b	src/components/platform-access/subscription-customer-review.tsx
c42f5cc18aadb7e1f6fce1fff6ed24ae8caa05710d40b12a9ace5954cfbbeaa8	src/components/platform-access/subscription-live-review.test.tsx
7ba0e1fb6e282be8ddad5cfeff134e623d54c1f03f64020f48d01c08004fcec8	src/components/platform-access/subscription-live-review.tsx
27f10c11e3e9d07cb8ed7b5e6b07ecc86d6a5e89b385e90459c4007c099b8853	src/lib/subscriptions/live-customer-checkout.test.ts
1555cc900957431381e5c75f64a71fd4a44d986023468243b52b2f0513df83a8	src/lib/subscriptions/live-orders.test.ts
668cbf078a4ccb6e9ee7a894fb3d8f4f66148960dfc5d0ae41865f69d48c5902	src/lib/subscriptions/live-orders.ts
32dee5efaead319ced96be4c4224587d8b05e35bc16c7ec5909079b1eb6f17ca	src/lib/subscriptions/live-provider.ts
387494e818f3b8291420019927bfff1116e27d1039303b9ea223cbfb7efc6512	src/lib/subscriptions/live-scope.ts
5b7f667eaa1f6667a3d9d9cd52168a8c1358fc725377c6679e78b40b969660ae	supabase/migrations/20261002170000_starter_live_customer_renewals.sql
