1	PRDs/roadmap.md	3a0f4f848b0c68ce7a2c1e2cad5667a02ce3f80b39afb0c611ef0afcfe99ce4b
2	PRDs/usefuldesk-subscriptions.md	7223627c695cf1e00fce11bcdf7ee681974bc9dd58813770e6ef8fd930c7d7c4
3	docs/changelog.md	47bc80a0f8f07d76a7095d5e8c35d04c7dcb8ea5e5cc1619b9cef5f3e7e7e786
4	docs/subscription-starter-customer-checkout.md	e6650e09964821e03b8c03788ba98aeda3015a45b0a0d7bda5f22fbec1bc8f86
5	docs/subscription-starter-rollout-next.md	bdb733670c105cf131abcac40365572a2bbfc6acd8a78d892e8b51f38624e0b4
6	scripts/production-env-readiness.mjs	b281f6598a792ccc1f3270e6473d53921b667cdd2fd354aac18ccadd57bf3490
7	scripts/verify-starter-customer-checkout.sql	dda97e5735888d666675b24e069aecd8edfe5b483034046063e3abfe9c028d80
8	scripts/verify-starter-live-pilot-opening.mjs	b808cbd04b7aa02826c773a6a2a43b3c2ccab2d36c43ebe4a530d5af79e842ff
9	src/app/api/subscriptions/live-orders/route.ts	11da3c8ddd40758430c848a8b9c201199372156346e5850c1d8a43f60738fcd5
10	src/app/api/subscriptions/live-quotes/route.test.ts	d63fe4851522dbaf4c1a78d0fdc38ffe5c0516a0c299a8da250f75709fc442ee
11	src/app/api/subscriptions/live-quotes/route.ts	3e1aff2cab80cc19f4c1e8945eb4d31435292ea2fde36d30f8cd6412988281c0
12	src/app/api/subscriptions/live-reconcile/route.ts	ef8cbb32e4e2569466344188b8d6dc1ecb5b021a692714f40a8d5e1b8925a89a
13	src/app/api/subscriptions/live-refunds/route.ts	c2fc77b5c3030cbe355789df0a2622cf71f77179dcb9be23824d6f1981b2c56d
14	src/app/api/subscriptions/live-webhook/route.test.ts	2850749d0b5561509307e970f01c1e6bef85b34dd4d77885a7843a54512df990
15	src/app/api/subscriptions/live-webhook/route.ts	4d7d823ff99e80230b58ec4ef57ba4ce1d520c469d3abff8b4b69aed971ec50f
16	src/components/platform-access/product-access-gate.tsx	ea9d0690c6d24d132bc4f9e616cf25c946efa0981eb790f06607c339893a01ef
17	src/components/platform-access/subscription-live-review.test.tsx	78f767a513572f0c4510cc275992f10d97b7365562cb5bbf4badf7c0dc27feab
18	src/components/platform-access/subscription-live-review.tsx	aa9337905d2e924fc65b68e348758a00d393a6107f5872f94a3b72cfca2afed6
19	src/lib/subscriptions/live-checkout-client.test.ts	0fbab08ce1e31a6fe5bc1f887792697cd952ad8042d1c94346432f591db055dd
20	src/lib/subscriptions/live-checkout-client.ts	50c646658e93f900a3a77c47e43e31a0d55338d99048e691372e5d8a3117bb9d
21	src/lib/subscriptions/live-customer-checkout.test.ts	3c41df615720ae999873d737eaba211c03a8a4f7769fe671ba3e22d4059176a4
22	src/lib/subscriptions/live-flow.ts	3e3d815bd5f0d528ccc6afd27e9d2583a0e5580d62746f4fe2b2b57e45b12d9e
23	src/lib/subscriptions/live-orders.ts	1c68f29cb3a0f5fe4de151f89ac241471b7aabfb38a9bcfd2e62151138fe028e
24	src/lib/subscriptions/live-provider.ts	0ed1c9eecaa85f6abd20da00e87f770142d80cf4aac0caee236478a2e7d1c563
25	src/lib/subscriptions/live-recovery.ts	a3d9b941987c70825a080dc30f01006695553ad803d10fb1bea83658af492ada
26	src/lib/subscriptions/live-refunds.ts	6ed52bbebd8664a7e2125bb94556087ccce1f29f6d0aab55c134c5f20fce9174
27	src/lib/subscriptions/live-scope.ts	d9be39f4ceb77b53fb07af2cd4049b0f16be41256cc248728778f69469b4366c
28	supabase/migrations/20261002080000_starter_customer_checkout_scope.sql	cae7b505f06ad741eacd0733b3edbb470f7a55a33d592a243f5747a993c1c70c
