1	20260924110000_independent_gym_brand_and_legal_identity.sql	3e6fb2057192f01e3da70272f23613efee310a6cd4eb25694b9f44433e8eed10
2	20260927200000_subscription_monthly_base_foundation.sql	5542424f3362af819d28122ee493fabd6f203f903aaa0103f73777a8d5dd3f32
3	20260928110000_subscription_test_renewals.sql	848fd078ea3f2c9b74ff4f6a8bcfbb7a5427c3c4417ecf54e5aaac97c793684b
4	20260928120000_subscription_test_refund_claims.sql	acb67e9667ab408ade98d023e62a936ec9300c4b8dac7fefcca7469a78a6b6d2
5	20260928140000_subscription_test_refund_execution.sql	171e87349f575e479fd35ae1ce8a589b2785512c77be29769be637c2e6b15d79
6	20260928160000_subscription_capability_boundary.sql	eb4a39b33074362327616a40012873ad94d0c5d2e661c4a4b88eedb92d895a5e
7	20260929080000_subscription_generation_history.sql	ad56878f7afa5fa0856d00c151670f33d2008c2306fc63d2d3e30e52489efe97
8	20260929090000_subscription_advanced_review_boundary.sql	c6213f25d4900b425d23a900be6308e9a0f98f67d5eb07e48f2a5531ab91f670
9	20260929110000_subscription_starter_transaction_hooks.sql	f94aff2151abfe939f0423f4819c6f2650f734ff48cd3b3197dcbd347eee863d
10	20260929120000_subscription_advanced_orders.sql	1f1ab59dfb0f6394000e58a502c876aa7f73bd9efaba760a1f4a86b37a9e5948
11	20260929130000_subscription_advanced_quotes.sql	c0d3b549a35fde4e7499f70f2dbee7bfb011a7738d1f3bfe485a998672ef1813
12	20260929140000_subscription_advanced_commit.sql	c2fe91f8802d93cb821720f5e1b34d3f94f76f333c7c5da563098e44b5bc0c07
13	20260929150000_subscription_paid_slot_renewals.sql	6dec641d42f3cecd0ae74e95c4ecd000afa55c6e2e3434bee57243fe987601f1
14	20260929160000_subscription_refund_race_holds.sql	6c7d8d4f7e0c9cc7a290cadee7c85acfc15c56796d439d056314f396a6fa48e5
15	20260929170000_subscription_live_merchant_boundary.sql	53b5cd27e46b177fd3a1179cb2c96d9e92115277f7ed9dbb63d184cf381e8fe4
16	20260929180000_subscription_live_initial_settlement.sql	1e5696f97b49e3d84aa66e3d6fb9fbcf8e9fbb99b0113ea2b3b05aee30a882e4
17	20260929190000_subscription_live_refund_boundary.sql	e8faff16ded0f5ba2a66174623a6183935bbb3b3980f7ababf407ced93c39576
18	20260929200000_subscription_live_capability_boundary.sql	3ae23b2e156f02f57ef40de952a8ff4c171902210fb5b0b6523a1fe105dde5d0
19	20260929210000_subscription_live_webhook_reconciliation.sql	83681ea704e00ccb62b1be855e7921d61629ee4d92cac00e79060a7a70d53ea8
20	20260929220000_subscription_live_evidence_immutability.sql	d647bed2ec1299b559395fca953e6babd24f5f6b389d9127ed5b374221a21221
21	20260929230000_subscription_live_owner_review.sql	5b371ee1f15b398b30a2e7a2b103e6e74f005310d5bde9e8777565303a863df3
22	20260929240000_subscription_live_starter_activation.sql	508b6b2fca64e7b45b121633ec5d8c37964f21929aad0e584835735923ec7231
23	20260929250000_subscription_live_approved_quotes.sql	08df1fa65df53f549676666f00c5c449e16bed4d34e13edb3563fb771fb4efb1
24	20260930000000_subscription_live_owner_renewals.sql	143b9726732e9c09ac5f7202c657c6f3a49c74d3692e886f156aceeaad9b42e3
25	20260930010000_subscription_live_complimentary_pilot.sql	3be595295272b145ab256ca073e86e40bf08d415436729e98cecf8bf86a0f249
26	20260930020000_subscription_live_refund_request_evidence.sql	ffe8b47e3f4ac646269b53a8cadb64bb9d26550aaef610da9db68480f39c032b
